{"cameraMode":{"drawMode":0,"name":"Shaded","section":"Shading Mode"},"sceneLighting":false,"audioPlay":false,"sceneViewState":{"m_AlwaysRefresh":false,"showFog":true,"showSkybox":false,"showFlares":true,"showImageEffects":true,"showParticleSystems":true,"showVisualEffectGraphs":true,"m_FxEnabled":true},"in2DMode":false,"pivot":{"x":0.08389484882354737,"y":2.7616324424743654,"z":-0.27491718530654909},"rotation":{"x":-0.07820599526166916,"y":0.024519816040992738,"z":-0.0019223561976104975,"w":-0.9966362118721008},"size":2.3663179874420168,"orthographic":false}