{"cameraMode":{"drawMode":0,"name":"Shaded","section":"Shading Mode"},"sceneLighting":false,"audioPlay":false,"sceneViewState":{"m_AlwaysRefresh":false,"showFog":true,"showSkybox":false,"showFlares":true,"showImageEffects":true,"showParticleSystems":true,"showVisualEffectGraphs":true,"m_FxEnabled":true},"in2DMode":false,"pivot":{"x":-61.1302490234375,"y":657.6918334960938,"z":-110.43707275390625},"rotation":{"x":0.006988393142819405,"y":0.9725768566131592,"z":-0.23060661554336549,"w":0.029479486867785455},"size":912.5386962890625,"orthographic":false}