{"cameraMode":{"drawMode":0,"name":"Shaded","section":"Shading Mode"},"sceneLighting":false,"audioPlay":false,"sceneViewState":{"m_AlwaysRefresh":false,"showFog":true,"showSkybox":false,"showFlares":true,"showImageEffects":true,"showParticleSystems":true,"showVisualEffectGraphs":true,"m_FxEnabled":true},"in2DMode":false,"pivot":{"x":0.0000978708267211914,"y":-0.09521794319152832,"z":-0.023178279399871827},"rotation":{"x":-0.19252516329288484,"y":0.02707679197192192,"z":-0.005314781330525875,"w":-0.9809039831161499},"size":1.384232521057129,"orthographic":false}