{"cameraMode":{"drawMode":0,"name":"Shaded","section":"Shading Mode"},"sceneLighting":false,"audioPlay":false,"sceneViewState":{"m_AlwaysRefresh":false,"showFog":true,"showSkybox":false,"showFlares":true,"showImageEffects":true,"showParticleSystems":true,"showVisualEffectGraphs":true,"m_FxEnabled":true},"in2DMode":false,"pivot":{"x":0.0039206743240356449,"y":0.7953835725784302,"z":-0.04355722665786743},"rotation":{"x":-0.3023208975791931,"y":-0.19213810563087464,"z":0.06235555186867714,"w":-0.9315566420555115},"size":1.1476936340332032,"orthographic":false}