{"cameraMode":{"drawMode":0,"name":"Shaded","section":"Shading Mode"},"sceneLighting":false,"audioPlay":false,"sceneViewState":{"m_AlwaysRefresh":false,"showFog":false,"showSkybox":false,"showFlares":false,"showImageEffects":false,"showParticleSystems":false,"showVisualEffectGraphs":true,"m_FxEnabled":true},"in2DMode":false,"pivot":{"x":-4.183681488037109,"y":29.998859405517579,"z":5.715175628662109},"rotation":{"x":0.0016454106662422419,"y":-0.9952213764190674,"z":0.09614668786525727,"w":0.01702587492763996},"size":83.47026824951172,"orthographic":false}