{"cameraMode":{"drawMode":0,"name":"Shaded","section":"Shading Mode"},"sceneLighting":false,"audioPlay":false,"sceneViewState":{"m_AlwaysRefresh":false,"showFog":false,"showSkybox":false,"showFlares":false,"showImageEffects":false,"showParticleSystems":false,"showVisualEffectGraphs":true,"m_FxEnabled":true},"in2DMode":false,"pivot":{"x":10.933380126953125,"y":39.598873138427737,"z":0.145660400390625},"rotation":{"x":-0.00013790430966764688,"y":0.999690592288971,"z":0.005688364617526531,"w":0.02429814822971821},"size":158.97848510742188,"orthographic":false}